mlp_index,mse_b8,mse_b16,mse_b32,mse_b64
0,4.397602424432989e-06,2.7733253773476463e-06,9.86700911198568e-07,7.444180027960101e-07
1,7.528010883106617e-06,1.3602236776932841e-06,1.4757058579562e-06,8.387935395148816e-07
2,8.203416655305773e-06,5.745385806221748e-06,3.581482815206982e-06,1.4278393791755661e-06
3,1.3665717233379837e-06,6.277430202317191e-07,3.704217874656024e-07,1.52095836369881e-07
4,1.0275205113430275e-06,4.999735097044322e-07,8.825105055620952e-07,1.2572196794735646e-07
5,2.9363629892031895e-06,9.204352409142302e-07,6.483438141913211e-07,3.7790988471897435e-07
6,2.0186441815894796e-06,5.702626140191569e-07,9.153259270533454e-07,3.4347635846643243e-07
7,3.6831443139817566e-06,2.1640360046149e-06,1.2272973890503636e-06,3.0856296007186756e-07
8,2.9508169063774403e-06,1.5281149217116763e-06,1.082682842934446e-06,4.1530782368681685e-07
9,1.8872009377446375e-06,3.906784513674211e-07,3.495535736419697e-07,3.142313289572485e-07
10,1.3412178532234975e-06,1.8800361658577458e-06,8.081691476036212e-07,3.159238985972479e-07
11,1.4415195437322836e-05,4.288563559384784e-06,2.6246711968269665e-06,1.172674956251285e-06
12,5.090996637591161e-06,4.13711677538231e-06,7.23613879927143e-07,3.085786204337637e-07
13,1.6183107618417125e-06,6.579364253411768e-07,3.349142048136855e-07,3.3466699278505985e-07
14,1.753440301399678e-05,7.98616929387208e-06,7.040445325401379e-06,5.407816388469655e-06
15,2.598272430986981e-06,1.4146108924251166e-06,2.1709574866690673e-06,5.317698423823458e-07
16,2.7534351829672232e-06,1.535654178042023e-06,5.214012048782024e-07,2.2327643023345445e-07
17,3.0208161660993937e-06,1.3686916418009787e-06,8.929660566536768e-07,4.945571845382801e-07
18,2.3817312921892153e-06,2.431467009955668e-06,1.121893546951469e-06,3.8327667084558925e-07
19,4.3984509829897434e-05,2.300131382071413e-05,7.852789167372975e-06,3.510155011099414e-06
20,3.676576307043433e-05,1.1377804185030982e-05,4.361265837360406e-06,1.3986488056616508e-06
21,1.3374378795560915e-06,7.342271146626445e-07,1.4093277513893554e-06,1.0134020840268931e-06
22,2.599447725515347e-06,1.64644438882533e-06,1.3258598983156844e-06,3.924934048882278e-07
23,1.4331652664623107e-06,9.896525625663344e-07,1.3329105286175036e-06,1.4300904922492919e-06
24,1.2303464245633222e-05,4.855838596995454e-06,1.4268782706494676e-06,4.334552556883864e-07
25,3.838604243355803e-06,1.4725386563441134e-06,1.1336298939568223e-06,5.904306021875527e-07
26,4.982011887477711e-06,2.8360200303723104e-06,1.205572175422276e-06,9.552564961268217e-07
27,3.2054099392553326e-06,1.8376770185568603e-06,9.98530481410853e-07,2.8419333375495626e-07
28,3.837773419945734e-06,3.09044753521448e-06,2.3305394734052243e-06,3.9935741824592697e-07
29,1.7154627585114213e-06,1.356696543552971e-06,7.486992785743496e-07,6.877423857076792e-07
30,5.244754447630839e-06,2.197180947405286e-06,9.942259566741996e-07,1.414764255969203e-06
31,2.965036401292309e-06,1.9925037122447975e-06,3.5856697877534316e-07,2.4943869902926963e-07
32,3.783446345551056e-06,1.1272165920672705e-06,6.47852175461594e-07,4.6943421239120653e-07
33,8.468972737318836e-06,2.0378408862598008e-06,1.0675578323571244e-06,3.0625500357928104e-07
34,1.2326953537922236e-06,2.124797902069986e-06,8.494242251799733e-07,2.737781983341847e-07
35,1.0801890311995521e-05,5.542855888052145e-06,2.7306539323035395e-06,8.821835990602267e-07
36,1.9728222468984313e-06,1.4529308600685908e-06,1.0687389249142143e-06,5.048681259722798e-07
37,5.024344318371732e-06,1.8676089439395582e-06,1.1011164815499797e-06,2.717660549933498e-07
38,1.3237718121672515e-06,1.796261926756415e-06,1.0104979537572945e-06,5.454998017739854e-07
39,2.7887563192052767e-06,1.2766229247063166e-06,3.7015894349679e-07,2.449062890264031e-07
40,2.368645255046431e-06,1.9677358977787662e-06,6.776484724468901e-07,1.4261898684253538e-07
41,3.6754454413312487e-06,1.1716002745743026e-06,7.603570679748373e-07,4.888592002316727e-07
42,5.91230900681694e-06,2.354730895604007e-06,3.715533694048645e-07,3.407753297324234e-07
43,3.166451733704889e-06,1.69378313330526e-06,8.721179938220303e-07,4.979162895324407e-07
44,3.5369507713767234e-06,3.2959951568045653e-07,5.005142611480551e-07,2.8748178237947286e-07
45,1.4043584997125436e-06,1.1835059012810234e-06,6.778834631404607e-07,2.8422005016182084e-07
46,2.7274677449895535e-06,1.3182043403503485e-06,4.364163430636836e-07,4.850438699577353e-07
47,4.3034201553382445e-06,2.819892415573122e-06,1.6917317680054111e-06,8.98152393347118e-07
48,3.274732534919167e-06,1.6408380361099262e-06,1.0238750292046461e-06,4.7663465352343337e-07
49,5.970977781544207e-06,1.7886925434140721e-06,1.464171077714127e-06,3.5804441722575575e-07
50,6.9393522608152125e-06,1.3863525509805186e-06,6.9040052039781585e-06,1.6658439108141465e-06
51,2.304091594851343e-06,1.311679852733505e-06,1.279835032619303e-06,4.816506020688394e-07
52,2.5338390514662024e-06,2.1746936909039505e-06,7.871129241721064e-07,3.343485559526016e-07
53,1.3540512554754969e-05,2.964030954899499e-06,1.4766237654839642e-06,2.2307003746391274e-06
54,4.623546374205034e-06,2.423710157017922e-06,1.956307414729963e-06,6.089010753385082e-07
55,3.483489763311809e-06,1.5749430986033985e-06,8.258843990915921e-07,4.2561970303722774e-07
56,2.5812450985540636e-06,4.647518380807014e-06,2.931656126747839e-06,7.754248940727848e-07
57,5.037237770011416e-06,1.8583242535896716e-06,8.128577064780984e-07,
58,4.2189640225842595e-06,7.035495173113304e-07,3.677158417758619e-07,8.072574360085127e-07
59,2.8929564450663747e-06,2.7442138161859475e-06,2.3988411612663185e-06,9.523124049337639e-07
60,1.0882620699703693e-05,4.541257112578023e-06,3.5075970572506776e-06,1.2450725535018137e-06
61,2.8036679395881947e-06,1.3584838143287925e-06,9.964364835468587e-07,2.0002163125809602e-07
62,3.6563319554261398e-06,5.825438051942911e-07,2.7890581577594276e-07,
63,1.0872716302401386e-05,4.072714546055067e-06,1.9680560399137903e-06,1.1660407608360401e-06
64,2.3578461423312547e-06,1.036678213495179e-06,6.547165867232252e-07,6.322455874396837e-07
65,2.4690937152627157e-06,2.999654498125892e-06,6.255275479816191e-07,4.2399139488225046e-07
66,4.137642918067286e-06,2.054511696769623e-06,1.4469339930656133e-06,3.145884477362415e-07
67,3.903357992385281e-06,1.7109300642914604e-06,7.935664143587928e-07,7.529061463174003e-07
68,7.386124707409181e-06,1.648743932491925e-06,1.210738560075697e-06,2.7069580710303853e-07
69,1.727049493638333e-06,1.6210686908380012e-06,1.1317089274598402e-06,6.892774990774342e-07
70,8.224501470976975e-06,4.612837528839009e-06,1.2817431525036227e-06,7.14249267730338e-07
71,7.237479621835519e-06,4.788375008502044e-06,2.845818471541861e-06,1.8109099073626567e-06
72,1.9539304503268795e-06,1.2766240615746938e-06,5.017805051465984e-07,2.3118235503716278e-07
73,1.7323300198768266e-06,7.41635744816449e-07,2.791948077174311e-07,2.883877527892764e-07
74,1.3717903129872866e-05,6.077946636651177e-06,1.14235717774136e-06,1.3824778761772905e-06
75,6.416561518562958e-06,3.9162182474683505e-06,1.457393977943866e-06,4.1715563270372513e-07
76,3.5481575650919694e-06,2.9728689696639776e-06,7.310886758205015e-07,5.233439992480271e-07
77,2.0762724943779176e-06,1.0530652616580483e-06,6.96679876455164e-07,5.231603381616878e-07
78,1.2707369023701176e-05,9.48485921981046e-06,4.784596058016177e-06,2.498641151760239e-06
79,2.8339316031633643e-06,9.655171879785485e-07,6.148646889414522e-07,4.182258805940364e-07
80,2.8842882784374524e-06,1.3772203146800166e-06,1.7127146065831766e-06,2.9371801701927325e-07
81,1.3776136711385334e-06,1.19884771265788e-06,6.015958433636115e-07,1.8435429183227825e-07
82,4.943236490362324e-06,3.227032721042633e-06,1.2738296391034964e-06,4.080568203335133e-07
83,1.9192348190699704e-06,2.0543770915537607e-06,8.17943430320156e-07,1.3958627675947355e-07
84,3.469867351668654e-06,2.3925872483232524e-06,2.430496579108876e-06,4.0688527747079206e-07
85,4.536729193205247e-06,2.0829806999245193e-06,2.218634108430706e-06,4.941301767757977e-07
86,1.0240025403618347e-05,7.085636752890423e-06,6.65023981127888e-06,2.060535280179465e-06
87,4.556349267659243e-06,1.5100888504093746e-06,7.316119194911153e-07,2.6722398160927696e-07
88,3.2754223866504617e-06,1.3013631132707815e-06,8.585926707382896e-07,4.214593332108052e-07
89,3.0627898013335653e-06,7.879515351305599e-07,3.463683242443949e-07,1.4471271470029023e-07
90,4.041012743982719e-06,1.7279012354265433e-06,1.015014390759461e-06,2.876715825550491e-07
91,3.4559425330371596e-06,5.487665475811809e-06,2.109557044605026e-06,
92,4.722609446616843e-06,5.43449959877762e-06,1.536951231173589e-06,4.915749514111667e-07
93,3.0988162507128436e-06,1.3413711030807463e-06,5.248169259175484e-07,1.2696170870185597e-07
94,4.4643820729106665e-06,1.7321368659395375e-06,7.115630751286517e-07,4.249246217113978e-07
95,1.9762850570259616e-05,4.995424660592107e-06,2.514099605832598e-06,1.2694620181719074e-06
96,1.051110666594468e-05,4.076897312188521e-06,1.7759826960173086e-06,1.104554485209519e-06
97,1.2615964806172997e-06,7.726338253633003e-07,2.1528685465455055e-06,1.01022123999428e-06
98,6.075710189179517e-06,4.311812517698854e-06,1.2216050890856422e-06,8.64195499161724e-07
99,2.642023900989443e-06,1.2971967180419597e-06,3.4499709045121563e-07,8.121793939608324e-07
